seed,level,predicted_cluster_purity,inverse_label_purity,nmi
17,section,0.5475154336605607,0.15555105758526466,0.21531471046963457
17,class,0.3480416961845967,0.2927841311608137,0.3179901725008058
17,subclass,0.21829774314340653,0.4078534561279223,0.38061929613550477
42,section,0.5342576662281145,0.15160408865499445,0.21112489098735096
42,class,0.336706811051513,0.29126606618763284,0.31581341200047613
42,subclass,0.2033195020746888,0.40835947778564924,0.3816633463284398
73,section,0.5417467867624735,0.14290051614209087,0.21165664811598156
73,class,0.3438923185912357,0.28802752757818034,0.31885400233969824
73,subclass,0.20918935330432142,0.4098775427588301,0.38097310379257476
