run_type,training_seed,level,active_clusters,predicted_cluster_purity,inverse_label_purity,nmi,clustering_seed
matched_spherical_kmeans,17,section,30,0.5649225786863677,0.17204736362716325,0.23317552413310452,17
matched_spherical_kmeans,17,class,30,0.3838680295516648,0.33022973383260806,0.3520761489229653,17
matched_spherical_kmeans,17,subclass,30,0.24116992207266472,0.46857605505515637,0.42027859368609316,17
matched_spherical_kmeans,17,section,30,0.5747393988462706,0.16071247849407955,0.23887786195259014,42
matched_spherical_kmeans,17,class,30,0.3843740512093918,0.33356947677360593,0.3587583415825305,42
matched_spherical_kmeans,17,subclass,30,0.23843740512093917,0.47576156259487906,0.4283568521522123,42
matched_spherical_kmeans,17,section,30,0.5784839591134501,0.1734642242687987,0.23862243096880179,73
matched_spherical_kmeans,17,class,30,0.3817427385892116,0.33174779880578886,0.3565180185564887,73
matched_spherical_kmeans,17,subclass,30,0.2382349964578484,0.48810849104341664,0.4268779814518849,73
matched_spherical_kmeans,42,section,30,0.568363525958911,0.17427385892116182,0.23797604505885026,17
matched_spherical_kmeans,42,class,30,0.3914583544175691,0.33731403704078533,0.36152842166553223,17
matched_spherical_kmeans,42,subclass,30,0.24714097763384274,0.4942819552676855,0.43017808776365507,17
matched_spherical_kmeans,42,section,30,0.5657322133387309,0.16759437303916608,0.2285477345894091,42
matched_spherical_kmeans,42,class,30,0.38133792126303007,0.3256755389130655,0.353519642169552,42
matched_spherical_kmeans,42,subclass,30,0.24582532132375265,0.47596397125796985,0.4269189884648697,42
matched_spherical_kmeans,42,section,30,0.5694767736059103,0.1766015585467058,0.23800231401669464,73
matched_spherical_kmeans,42,class,30,0.38133792126303007,0.3347839287521506,0.356813145707405,73
matched_spherical_kmeans,42,subclass,30,0.23955065276793847,0.47910130553587693,0.42600313469827483,73
matched_spherical_kmeans,73,section,30,0.5707924299160004,0.18874607833215262,0.23818403296061505,17
matched_spherical_kmeans,73,class,30,0.3866005465033903,0.34318388827041796,0.35740438545638276,17
matched_spherical_kmeans,73,subclass,30,0.2331747798805789,0.4918530513105961,0.4224618114657491,17
matched_spherical_kmeans,73,section,30,0.5705900212529096,0.17002327699625544,0.24064301404660887,42
matched_spherical_kmeans,73,class,30,0.38265357757312013,0.3285092601963364,0.35682388199920584,42
matched_spherical_kmeans,73,subclass,30,0.2373241574739399,0.4716121850015181,0.4241505332167373,42
matched_spherical_kmeans,73,section,30,0.5622912660661876,0.1808521404716122,0.23232119223703016,73
matched_spherical_kmeans,73,class,30,0.3595789899807712,0.32395506527679385,0.3466335730185491,73
matched_spherical_kmeans,73,subclass,30,0.23661572715312215,0.47991094018824004,0.4180142518313479,73
