run_type,training_seed,level,active_clusters,predicted_cluster_purity,inverse_label_purity,nmi
native_sccl_head,17,section,27,0.5133083695982188,0.2931889484869952,0.19968603369475388
native_sccl_head,17,class,27,0.33620078939378606,0.4140269203521911,0.3004906135935369
native_sccl_head,17,subclass,27,0.18975812164760653,0.5168505212023075,0.3589012307111983
native_sccl_head,42,section,28,0.5218095334480316,0.279121546402186,0.1997369529620851
native_sccl_head,42,class,28,0.3352899504098775,0.38558850318793647,0.2908837724268774
native_sccl_head,42,subclass,28,0.1909725736261512,0.4898289646796883,0.35073928302409163
native_sccl_head,73,section,29,0.5062240663900415,0.25796984110919946,0.19447846808525834
native_sccl_head,73,class,29,0.3340754984313329,0.37506325270721586,0.2931061859236626
native_sccl_head,73,subclass,29,0.1921870256046959,0.480416961845967,0.3518885597041409
